{
"lengthUnit": "mil",
"remark": [],
"components": {
	"fields": ["COMPONENT_NO", "COMPONENT_NAME", "LAYER", "X_COORDINATE", "Y_COORDINATE", "ANGLE"],
	"rows": [
		[1, "1", "T", 3240, 645, 90],
		[2, "C1", "T", 1505, 525, 0],
		[3, "C2", "T", 385, 1255, 0],
		[4, "C3", "T", 560, 1255, 0],
		[5, "C4", "T", 750, 1255, 0],
		[6, "C5", "T", 940, 1250, 0],
		[7, "C6", "T", 1135, 1250, 0],
		[8, "LED1", "T", 440, 1430, 0],
		[9, "LED2", "T", 690, 1420, 0],
		[10, "LED3", "T", 850, 1570, 0],
		[11, "LED4", "T", 1025, 1410, 0],
		[12, "LED5", "T", 1250, 1405, 0],
		[13, "LED6", "T", 1475, 1395, 0],
		[14, "R1", "T", 1335, 1250, 0],
		[15, "R2", "T", 1520, 1250, 0],
		[16, "R3", "T", 1870, 1255, 0],
		[17, "R4", "T", 2135, 1250, 0],
		[18, "R5", "T", 2385, 1255, 0],
		[19, "R6", "T", 2620, 1250, 0],
		[20, "U1", "T", 3230, 670, 0],
		[21, "PAD1", "T", 2697, 634, 0],
		[22, "PAD2", "T", 2851.89, 684.33, 0],
		[23, "PAD3", "T", 1532.56, 525, 0],
		[24, "PAD4", "T", 1477.44, 525, 0],
		[25, "PAD5", "T", 412.56, 1255, 0],
		[26, "PAD6", "T", 357.44, 1255, 0],
		[27, "PAD7", "T", 587.56, 1255, 0],
		[28, "PAD8", "T", 532.44, 1255, 0],
		[29, "PAD9", "T", 777.56, 1255, 0],
		[30, "PAD10", "T", 722.44, 1255, 0],
		[31, "PAD11", "T", 967.56, 1250, 0],
		[32, "PAD12", "T", 912.44, 1250, 0],
		[33, "PAD13", "T", 1162.56, 1250, 0],
		[34, "PAD14", "T", 1107.44, 1250, 0],
		[35, "PAD15", "T", 398.65, 1430, 0],
		[36, "PAD16", "T", 481.35, 1430, 0],
		[37, "PAD17", "T", 648.65, 1420, 0],
		[38, "PAD18", "T", 731.35, 1420, 0],
		[39, "PAD19", "T", 808.65, 1570, 0],
		[40, "PAD20", "T", 891.35, 1570, 0],
		[41, "PAD21", "T", 983.65, 1410, 0],
		[42, "PAD22", "T", 1066.35, 1410, 0],
		[43, "PAD23", "T", 1208.65, 1405, 0],
		[44, "PAD24", "T", 1291.35, 1405, 0],
		[45, "PAD25", "T", 1433.65, 1395, 0],
		[46, "PAD26", "T", 1516.35, 1395, 0],
		[47, "PAD27", "T", 1364.66, 1250, 0],
		[48, "PAD28", "T", 1305.34, 1250, 0],
		[49, "PAD29", "T", 1549.66, 1250, 0],
		[50, "PAD30", "T", 1490.34, 1250, 0],
		[51, "PAD31", "T", 1899.66, 1255, 0],
		[52, "PAD32", "T", 1840.34, 1255, 0],
		[53, "PAD33", "T", 2164.66, 1250, 0],
		[54, "PAD34", "T", 2105.34, 1250, 0],
		[55, "PAD35", "T", 2414.66, 1255, 0],
		[56, "PAD36", "T", 2355.34, 1255, 0],
		[57, "PAD37", "T", 2649.66, 1250, 0],
		[58, "PAD38", "T", 2590.34, 1250, 0],
		[59, "PAD39", "T", 3230.001, 693.617, 0],
		[60, "PAD40", "T", 3253.621, 689.677, 0],
		[61, "PAD41", "T", 3253.621, 669.997, 0],
		[62, "PAD42", "T", 3253.621, 650.307, 0],
		[63, "PAD43", "T", 3230.001, 646.377, 0],
		[64, "PAD44", "T", 3206.381, 650.317, 0],
		[65, "PAD45", "T", 3206.381, 669.997, 0],
		[66, "PAD46", "T", 3206.381, 689.677, 0]
	]
},
"pins": {
	"fields": ["PIN_NO", "PIN_NAME", "PIN_X", "PIN_Y", "LAYER", "PIN_TYPE", "NET_NAME", "NET_TYPE", "PAD_SHAPE", "PAD_SIZEX", "PAD_SIZEY", "HOLE_SIZE", "HOLE_LEN", "PAD_ANGLE"],
	"rows": [
		[1, "1_P$1", 2697, 634, "T", "SMD", "U1_8", "", "C", 11.811, 11.811, 0, 0, 90],
		[2, "1_P$2", 2851.89, 684.33, "T", "SMD", "U1_1", "", "C", 11.811, 11.811, 0, 0, 90],
		[3, "C1_1", 1477.44, 525, "T", "SMD", "VSS", "", "R", 31.496, 35.433, 0, 0, 0],
		[4, "C1_2", 1532.56, 525, "T", "SMD", "VOUT", "", "R", 31.496, 35.433, 0, 0, 0],
		[5, "C2_1", 357.44, 1255, "T", "SMD", "VSS", "", "R", 31.496, 35.433, 0, 0, 0],
		[6, "C2_2", 412.56, 1255, "T", "SMD", "VOUT", "", "R", 31.496, 35.433, 0, 0, 0],
		[7, "C3_1", 532.44, 1255, "T", "SMD", "VSS", "", "R", 31.496, 35.433, 0, 0, 0],
		[8, "C3_2", 587.56, 1255, "T", "SMD", "VOUT", "", "R", 31.496, 35.433, 0, 0, 0],
		[9, "C4_1", 722.44, 1255, "T", "SMD", "VSS", "", "R", 31.496, 35.433, 0, 0, 0],
		[10, "C4_2", 777.56, 1255, "T", "SMD", "VOUT", "", "R", 31.496, 35.433, 0, 0, 0],
		[11, "C5_1", 912.44, 1250, "T", "SMD", "VSS", "", "R", 31.496, 35.433, 0, 0, 0],
		[12, "C5_2", 967.56, 1250, "T", "SMD", "VOUT", "", "R", 31.496, 35.433, 0, 0, 0],
		[13, "C6_1", 1107.44, 1250, "T", "SMD", "VSS", "", "R", 31.496, 35.433, 0, 0, 0],
		[14, "C6_2", 1162.56, 1250, "T", "SMD", "VOUT", "", "R", 31.496, 35.433, 0, 0, 0],
		[15, "LED1_1", 481.35, 1430, "T", "SMD", "LEDVOUT", "", "R", 39.37, 55.1, 0, 0, 180],
		[16, "LED1_2", 398.65, 1430, "T", "SMD", "VSS", "", "R", 39.37, 55.1, 0, 0, 180],
		[17, "LED2_1", 731.35, 1420, "T", "SMD", "LEDVOUT", "", "R", 39.37, 55.1, 0, 0, 180],
		[18, "LED2_2", 648.65, 1420, "T", "SMD", "VSS", "", "R", 39.37, 55.1, 0, 0, 180],
		[19, "LED3_1", 891.35, 1570, "T", "SMD", "LEDVOUT", "", "R", 39.37, 55.1, 0, 0, 180],
		[20, "LED3_2", 808.65, 1570, "T", "SMD", "VSS", "", "R", 39.37, 55.1, 0, 0, 180],
		[21, "LED4_1", 1066.35, 1410, "T", "SMD", "LEDVOUT", "", "R", 39.37, 55.1, 0, 0, 180],
		[22, "LED4_2", 983.65, 1410, "T", "SMD", "VSS", "", "R", 39.37, 55.1, 0, 0, 180],
		[23, "LED5_1", 1291.35, 1405, "T", "SMD", "LEDVOUT", "", "R", 39.37, 55.1, 0, 0, 180],
		[24, "LED5_2", 1208.65, 1405, "T", "SMD", "VSS", "", "R", 39.37, 55.1, 0, 0, 180],
		[25, "LED6_1", 1516.35, 1395, "T", "SMD", "LEDVOUT", "", "R", 39.37, 55.1, 0, 0, 180],
		[26, "LED6_2", 1433.65, 1395, "T", "SMD", "VSS", "", "R", 39.37, 55.1, 0, 0, 180],
		[27, "R1_1", 1305.34, 1250, "T", "SMD", "LEDVOUT", "", "R", 31.751, 34.016, 0, 0, 0],
		[28, "R1_2", 1364.66, 1250, "T", "SMD", "VOUT", "", "R", 31.751, 34.016, 0, 0, 0],
		[29, "R2_1", 1490.34, 1250, "T", "SMD", "LEDVOUT", "", "R", 31.751, 34.016, 0, 0, 0],
		[30, "R2_2", 1549.66, 1250, "T", "SMD", "VOUT", "", "R", 31.751, 34.016, 0, 0, 0],
		[31, "R3_1", 1840.34, 1255, "T", "SMD", "LEDVOUT", "", "R", 31.751, 34.016, 0, 0, 0],
		[32, "R3_2", 1899.66, 1255, "T", "SMD", "VOUT", "", "R", 31.751, 34.016, 0, 0, 0],
		[33, "R4_1", 2105.34, 1250, "T", "SMD", "LEDVOUT", "", "R", 31.751, 34.016, 0, 0, 0],
		[34, "R4_2", 2164.66, 1250, "T", "SMD", "VOUT", "", "R", 31.751, 34.016, 0, 0, 0],
		[35, "R5_1", 2355.34, 1255, "T", "SMD", "LEDVOUT", "", "R", 31.751, 34.016, 0, 0, 0],
		[36, "R5_2", 2414.66, 1255, "T", "SMD", "VOUT", "", "R", 31.751, 34.016, 0, 0, 0],
		[37, "R6_1", 2590.34, 1250, "T", "SMD", "LEDVOUT", "", "R", 31.751, 34.016, 0, 0, 0],
		[38, "R6_2", 2649.66, 1250, "T", "SMD", "VOUT", "", "R", 31.751, 34.016, 0, 0, 0],
		[39, "U1_1", 3206.381, 689.677, "T", "SMD", "U1_1", "", "R", 15.748, 11.024, 0, 0, 0],
		[40, "U1_2", 3206.381, 669.997, "T", "SMD", "VSS", "", "R", 15.748, 8.661, 0, 0, 0],
		[41, "U1_3", 3206.381, 650.317, "T", "SMD", "U1_3", "", "R", 15.748, 8.661, 0, 0, 0],
		[42, "U1_4", 3230.001, 646.377, "T", "SMD", "U1_4", "", "R", 15.748, 8.661, 0, 0, 90],
		[43, "U1_5", 3253.621, 650.307, "T", "SMD", "U1_5", "", "R", 15.748, 8.661, 0, 0, 0],
		[44, "U1_6", 3253.621, 669.997, "T", "SMD", "VOUT", "", "R", 15.748, 8.661, 0, 0, 0],
		[45, "U1_7", 3253.621, 689.677, "T", "SMD", "VOUT", "", "R", 15.748, 8.661, 0, 0, 0],
		[46, "U1_8", 3230.001, 693.617, "T", "SMD", "U1_8", "", "R", 15.748, 8.661, 0, 0, 90],
		[47, "PAD1_P$1", 2697, 634, "T", "SMD", "U1_8", "", "C", 11.811, 11.811, 0, 0, 90],
		[48, "PAD2_P$2", 2851.89, 684.33, "T", "SMD", "U1_1", "", "C", 11.811, 11.811, 0, 0, 90],
		[49, "PAD3_2", 1532.56, 525, "T", "SMD", "VOUT", "", "R", 31.496, 35.433, 0, 0, 0],
		[50, "PAD4_1", 1477.44, 525, "T", "SMD", "VSS", "", "R", 31.496, 35.433, 0, 0, 0],
		[51, "PAD5_2", 412.56, 1255, "T", "SMD", "VOUT", "", "R", 31.496, 35.433, 0, 0, 0],
		[52, "PAD6_1", 357.44, 1255, "T", "SMD", "VSS", "", "R", 31.496, 35.433, 0, 0, 0],
		[53, "PAD7_2", 587.56, 1255, "T", "SMD", "VOUT", "", "R", 31.496, 35.433, 0, 0, 0],
		[54, "PAD8_1", 532.44, 1255, "T", "SMD", "VSS", "", "R", 31.496, 35.433, 0, 0, 0],
		[55, "PAD9_2", 777.56, 1255, "T", "SMD", "VOUT", "", "R", 31.496, 35.433, 0, 0, 0],
		[56, "PAD10_1", 722.44, 1255, "T", "SMD", "VSS", "", "R", 31.496, 35.433, 0, 0, 0],
		[57, "PAD11_2", 967.56, 1250, "T", "SMD", "VOUT", "", "R", 31.496, 35.433, 0, 0, 0],
		[58, "PAD12_1", 912.44, 1250, "T", "SMD", "VSS", "", "R", 31.496, 35.433, 0, 0, 0],
		[59, "PAD13_2", 1162.56, 1250, "T", "SMD", "VOUT", "", "R", 31.496, 35.433, 0, 0, 0],
		[60, "PAD14_1", 1107.44, 1250, "T", "SMD", "VSS", "", "R", 31.496, 35.433, 0, 0, 0],
		[61, "PAD15_2", 398.65, 1430, "T", "SMD", "VSS", "", "R", 39.37, 55.1, 0, 0, 180],
		[62, "PAD16_1", 481.35, 1430, "T", "SMD", "LEDVOUT", "", "R", 39.37, 55.1, 0, 0, 180],
		[63, "PAD17_2", 648.65, 1420, "T", "SMD", "VSS", "", "R", 39.37, 55.1, 0, 0, 180],
		[64, "PAD18_1", 731.35, 1420, "T", "SMD", "LEDVOUT", "", "R", 39.37, 55.1, 0, 0, 180],
		[65, "PAD19_2", 808.65, 1570, "T", "SMD", "VSS", "", "R", 39.37, 55.1, 0, 0, 180],
		[66, "PAD20_1", 891.35, 1570, "T", "SMD", "LEDVOUT", "", "R", 39.37, 55.1, 0, 0, 180],
		[67, "PAD21_2", 983.65, 1410, "T", "SMD", "VSS", "", "R", 39.37, 55.1, 0, 0, 180],
		[68, "PAD22_1", 1066.35, 1410, "T", "SMD", "LEDVOUT", "", "R", 39.37, 55.1, 0, 0, 180],
		[69, "PAD23_2", 1208.65, 1405, "T", "SMD", "VSS", "", "R", 39.37, 55.1, 0, 0, 180],
		[70, "PAD24_1", 1291.35, 1405, "T", "SMD", "LEDVOUT", "", "R", 39.37, 55.1, 0, 0, 180],
		[71, "PAD25_2", 1433.65, 1395, "T", "SMD", "VSS", "", "R", 39.37, 55.1, 0, 0, 180],
		[72, "PAD26_1", 1516.35, 1395, "T", "SMD", "LEDVOUT", "", "R", 39.37, 55.1, 0, 0, 180],
		[73, "PAD27_2", 1364.66, 1250, "T", "SMD", "VOUT", "", "R", 31.751, 34.016, 0, 0, 0],
		[74, "PAD28_1", 1305.34, 1250, "T", "SMD", "LEDVOUT", "", "R", 31.751, 34.016, 0, 0, 0],
		[75, "PAD29_2", 1549.66, 1250, "T", "SMD", "VOUT", "", "R", 31.751, 34.016, 0, 0, 0],
		[76, "PAD30_1", 1490.34, 1250, "T", "SMD", "LEDVOUT", "", "R", 31.751, 34.016, 0, 0, 0],
		[77, "PAD31_2", 1899.66, 1255, "T", "SMD", "VOUT", "", "R", 31.751, 34.016, 0, 0, 0],
		[78, "PAD32_1", 1840.34, 1255, "T", "SMD", "LEDVOUT", "", "R", 31.751, 34.016, 0, 0, 0],
		[79, "PAD33_2", 2164.66, 1250, "T", "SMD", "VOUT", "", "R", 31.751, 34.016, 0, 0, 0],
		[80, "PAD34_1", 2105.34, 1250, "T", "SMD", "LEDVOUT", "", "R", 31.751, 34.016, 0, 0, 0],
		[81, "PAD35_2", 2414.66, 1255, "T", "SMD", "VOUT", "", "R", 31.751, 34.016, 0, 0, 0],
		[82, "PAD36_1", 2355.34, 1255, "T", "SMD", "LEDVOUT", "", "R", 31.751, 34.016, 0, 0, 0],
		[83, "PAD37_2", 2649.66, 1250, "T", "SMD", "VOUT", "", "R", 31.751, 34.016, 0, 0, 0],
		[84, "PAD38_1", 2590.34, 1250, "T", "SMD", "LEDVOUT", "", "R", 31.751, 34.016, 0, 0, 0],
		[85, "PAD39_8", 3230.001, 693.617, "T", "SMD", "U1_8", "", "R", 15.748, 8.661, 0, 0, 90],
		[86, "PAD40_7", 3253.621, 689.677, "T", "SMD", "VOUT", "", "R", 15.748, 8.661, 0, 0, 0],
		[87, "PAD41_6", 3253.621, 669.997, "T", "SMD", "VOUT", "", "R", 15.748, 8.661, 0, 0, 0],
		[88, "PAD42_5", 3253.621, 650.307, "T", "SMD", "U1_5", "", "R", 15.748, 8.661, 0, 0, 0],
		[89, "PAD43_4", 3230.001, 646.377, "T", "SMD", "U1_4", "", "R", 15.748, 8.661, 0, 0, 90],
		[90, "PAD44_3", 3206.381, 650.317, "T", "SMD", "U1_3", "", "R", 15.748, 8.661, 0, 0, 0],
		[91, "PAD45_2", 3206.381, 669.997, "T", "SMD", "VSS", "", "R", 15.748, 8.661, 0, 0, 0],
		[92, "PAD46_1", 3206.381, 689.677, "T", "SMD", "U1_1", "", "R", 15.748, 11.024, 0, 0, 0]
	]
}
}